WeekStartingSat,Location,Total,Quantity,AvgPriceItemSold,Type_Drink,Type_Food,Category_Carbonated,Category_Non Carbonated,Category_Salty,Category_Sweet,Category_Water,HealthyMarketing_False,HealthyMarketing_True,Payment_Cash,Payment_Credit,DayOfWeek_Sat,DayOfWeek_Sun,DayOfWeek_Mon,DayOfWeek_Tue,DayOfWeek_Wed,DayOfWeek_Thu,DayOfWeek_Fri
2022-01-01,Factory,58.5,35.0,1.6714285714285717,0.2285714285714285,0.7714285714285715,0.1714285714285714,0.0571428571428571,0.3428571428571428,0.4285714285714285,0.0,0.5142857142857142,0.4857142857142857,0.9428571428571428,0.0571428571428571,0.0,0.0,0.2285714285714285,0.3428571428571428,0.1714285714285714,0.1428571428571428,0.1142857142857142
2022-01-01,Library,0.0,0.0,,,,,,,,,,,,,,,,,,,
2022-01-01,Mall 1,23.0,9.0,2.555555555555556,0.6666666666666666,0.3333333333333333,0.6666666666666666,0.0,0.3333333333333333,0.0,0.0,0.5555555555555556,0.4444444444444444,0.1111111111111111,0.8888888888888888,0.5555555555555556,0.0,0.1111111111111111,0.1111111111111111,0.1111111111111111,0.1111111111111111,0.0
2022-01-01,Mall 2,17.75,9.0,1.9722222222222223,0.625,0.375,0.125,0.25,0.25,0.125,0.25,0.25,0.75,0.875,0.125,0.0,0.125,0.125,0.25,0.0,0.25,0.25
2022-01-01,Office,26.75,13.0,2.0576923076923075,0.1538461538461538,0.8461538461538461,0.0,0.1538461538461538,0.6923076923076923,0.1538461538461538,0.0,0.1538461538461538,0.8461538461538461,0.7692307692307693,0.2307692307692307,0.0,0.0,0.3846153846153846,0.0769230769230769,0.1538461538461538,0.3076923076923077,0.0769230769230769
2022-01-08,Factory,61.5,40.0,1.5375,0.425,0.575,0.425,0.0,0.4,0.175,0.0,0.625,0.375,0.85,0.15,0.05,0.0,0.05,0.1,0.025,0.275,0.5
2022-01-08,Library,0.0,0.0,,,,,,,,,,,,,,,,,,,
2022-01-08,Mall 1,25.75,13.0,1.9807692307692308,0.5384615384615384,0.4615384615384615,0.1538461538461538,0.3846153846153846,0.3076923076923077,0.1538461538461538,0.0,0.0769230769230769,0.9230769230769232,0.6153846153846154,0.3846153846153846,0.3846153846153846,0.0,0.1538461538461538,0.0769230769230769,0.2307692307692307,0.0,0.1538461538461538
2022-01-08,Mall 2,21.5,11.0,1.9545454545454544,0.7272727272727273,0.2727272727272727,0.0,0.3636363636363636,0.2727272727272727,0.0,0.3636363636363636,0.0,1.0,0.7272727272727273,0.2727272727272727,0.1818181818181818,0.0909090909090909,0.0909090909090909,0.0,0.1818181818181818,0.1818181818181818,0.2727272727272727
2022-01-08,Office,45.25,25.0,1.81,0.36,0.64,0.08,0.2,0.56,0.16,0.0,0.2,0.8,0.96,0.04,0.08,0.04,0.16,0.2,0.12,0.12,0.28
2022-01-15,Factory,178.25,95.0,1.876315789473684,0.4631578947368421,0.5368421052631579,0.3473684210526316,0.1157894736842105,0.3578947368421052,0.1789473684210526,0.0,0.5894736842105263,0.4105263157894737,0.8631578947368421,0.1368421052631579,0.1684210526315789,0.0,0.0947368421052631,0.2421052631578947,0.2842105263157894,0.1368421052631579,0.0736842105263157
2022-01-15,Library,0.0,0.0,,,,,,,,,,,,,,,,,,,
2022-01-15,Mall 1,33.0,16.0,2.0625,0.6875,0.3125,0.5,0.125,0.1875,0.1875,0.0,0.5,0.5,0.75,0.25,0.25,0.1875,0.1875,0.0625,0.125,0.0625,0.125
2022-01-15,Mall 2,41.0,23.0,1.7826086956521738,0.3809523809523809,0.6190476190476191,0.0476190476190476,0.0952380952380952,0.4761904761904761,0.1428571428571428,0.238095238095238,0.2857142857142857,0.7142857142857143,0.4285714285714285,0.5714285714285714,0.0476190476190476,0.0476190476190476,0.238095238095238,0.1428571428571428,0.0952380952380952,0.238095238095238,0.1904761904761904
2022-01-15,Office,54.0,30.0,1.8,0.3,0.7,0.0,0.1,0.4666666666666667,0.4333333333333333,0.0,0.1666666666666666,0.8333333333333334,0.8,0.2,0.0,0.0,0.1,0.0666666666666666,0.2,0.3333333333333333,0.3
2022-01-22,Factory,124.5,79.0,1.5759493670886076,0.6025641025641025,0.3974358974358974,0.5897435897435898,0.0128205128205128,0.358974358974359,0.0384615384615384,0.0,0.6923076923076923,0.3076923076923077,0.8205128205128205,0.1794871794871795,0.0,0.0,0.0256410256410256,0.1153846153846153,0.3205128205128205,0.3076923076923077,0.2307692307692307
2022-01-22,Library,0.0,0.0,,,,,,,,,,,,,,,,,,,
2022-01-22,Mall 1,41.5,23.0,1.8043478260869563,0.631578947368421,0.3684210526315789,0.1578947368421052,0.1578947368421052,0.2631578947368421,0.1578947368421052,0.2631578947368421,0.2631578947368421,0.7368421052631579,0.3684210526315789,0.631578947368421,0.3684210526315789,0.1578947368421052,0.2105263157894736,0.0526315789473684,0.0526315789473684,0.0526315789473684,0.1052631578947368
2022-01-22,Mall 2,19.0,11.0,1.7272727272727273,0.4545454545454545,0.5454545454545454,0.0,0.1818181818181818,0.4545454545454545,0.0909090909090909,0.2727272727272727,0.0909090909090909,0.9090909090909092,0.5454545454545454,0.4545454545454545,0.4545454545454545,0.0909090909090909,0.0909090909090909,0.1818181818181818,0.0,0.0,0.1818181818181818
2022-01-22,Office,45.5,25.0,1.82,0.28,0.72,0.0,0.08,0.4,0.48,0.04,0.32,0.68,0.84,0.16,0.0,0.0,0.32,0.2,0.12,0.2,0.16
2022-01-29,Factory,121.0,73.0,1.6575342465753424,0.6712328767123288,0.3287671232876712,0.589041095890411,0.0821917808219178,0.2465753424657534,0.0821917808219178,0.0,0.589041095890411,0.410958904109589,0.8082191780821918,0.1917808219178082,0.0684931506849315,0.0,0.2191780821917808,0.2328767123287671,0.0273972602739726,0.3150684931506849,0.136986301369863
2022-01-29,Library,0.0,0.0,,,,,,,,,,,,,,,,,,,
2022-01-29,Mall 1,31.5,16.0,1.96875,0.8125,0.1875,0.25,0.1875,0.1875,0.0,0.375,0.1875,0.8125,0.375,0.625,0.0,0.375,0.25,0.125,0.125,0.0625,0.0625
2022-01-29,Mall 2,16.0,9.0,1.7777777777777777,0.2857142857142857,0.7142857142857143,0.0,0.1428571428571428,0.7142857142857143,0.0,0.1428571428571428,0.4285714285714285,0.5714285714285714,0.2857142857142857,0.7142857142857143,0.0,0.1428571428571428,0.2857142857142857,0.2857142857142857,0.2857142857142857,0.0,0.0
2022-01-29,Office,72.0,40.0,1.8,0.3333333333333333,0.6666666666666666,0.1025641025641025,0.1282051282051282,0.3846153846153846,0.3076923076923077,0.0769230769230769,0.282051282051282,0.717948717948718,0.717948717948718,0.282051282051282,0.0,0.0,0.1282051282051282,0.1538461538461538,0.0769230769230769,0.3333333333333333,0.3076923076923077
2022-02-05,Factory,96.0,51.0,1.8823529411764703,0.6078431372549019,0.392156862745098,0.5882352941176471,0.0196078431372549,0.3333333333333333,0.0588235294117647,0.0,0.7843137254901961,0.2156862745098039,0.7647058823529411,0.2352941176470588,0.0784313725490196,0.0,0.2156862745098039,0.0980392156862745,0.1764705882352941,0.1372549019607843,0.2941176470588235
2022-02-05,Library,0.0,0.0,,,,,,,,,,,,,,,,,,,
2022-02-05,Mall 1,51.75,25.0,2.07,0.72,0.28,0.32,0.28,0.12,0.28,0.0,0.36,0.64,0.84,0.16,0.32,0.16,0.16,0.2,0.04,0.04,0.08
2022-02-05,Mall 2,31.0,18.0,1.7222222222222223,0.6470588235294118,0.3529411764705882,0.1764705882352941,0.1176470588235294,0.1176470588235294,0.2352941176470588,0.3529411764705882,0.1176470588235294,0.8823529411764706,0.7058823529411765,0.2941176470588235,0.1764705882352941,0.3529411764705882,0.1176470588235294,0.1176470588235294,0.0,0.1176470588235294,0.1176470588235294
2022-02-05,Office,57.25,32.0,1.7890625,0.1875,0.8125,0.0,0.0625,0.59375,0.34375,0.0,0.25,0.75,0.65625,0.34375,0.0,0.0,0.15625,0.09375,0.1875,0.28125,0.28125
2022-02-12,Factory,144.0,82.0,1.7560975609756098,0.5679012345679012,0.4320987654320987,0.4814814814814814,0.0864197530864197,0.2469135802469135,0.1851851851851851,0.0,0.6790123456790124,0.3209876543209876,0.7160493827160493,0.2839506172839506,0.0246913580246913,0.0,0.2222222222222222,0.1975308641975308,0.1481481481481481,0.2345679012345679,0.1728395061728395
2022-02-12,Library,0.0,0.0,,,,,,,,,,,,,,,,,,,
2022-02-12,Mall 1,36.75,15.0,2.45,0.6428571428571429,0.3571428571428571,0.2857142857142857,0.3571428571428571,0.1428571428571428,0.2142857142857142,0.0,0.2857142857142857,0.7142857142857143,0.5714285714285714,0.4285714285714285,0.1428571428571428,0.4285714285714285,0.0,0.1428571428571428,0.0714285714285714,0.0714285714285714,0.1428571428571428
2022-02-12,Mall 2,32.25,18.0,1.7916666666666667,0.5,0.5,0.0,0.1875,0.375,0.125,0.3125,0.3125,0.6875,0.625,0.375,0.25,0.5,0.0,0.1875,0.0,0.0,0.0625
2022-02-12,Office,33.25,19.0,1.75,0.2105263157894736,0.7894736842105263,0.0526315789473684,0.1052631578947368,0.7368421052631579,0.0526315789473684,0.0526315789473684,0.2631578947368421,0.7368421052631579,0.8421052631578947,0.1578947368421052,0.0,0.0,0.1052631578947368,0.1578947368421052,0.2631578947368421,0.0526315789473684,0.4210526315789473
2022-02-19,Factory,100.5,53.0,1.8962264150943395,0.3333333333333333,0.6666666666666666,0.1568627450980392,0.1764705882352941,0.2745098039215686,0.392156862745098,0.0,0.7254901960784313,0.2745098039215686,0.8235294117647058,0.1764705882352941,0.0588235294117647,0.0,0.1568627450980392,0.0784313725490196,0.0392156862745098,0.3333333333333333,0.3333333333333333
2022-02-19,Library,0.0,0.0,,,,,,,,,,,,,,,,,,,
2022-02-19,Mall 1,44.75,21.0,2.130952380952381,0.3809523809523809,0.6190476190476191,0.3333333333333333,0.0476190476190476,0.5714285714285714,0.0476190476190476,0.0,0.7619047619047619,0.238095238095238,0.7142857142857143,0.2857142857142857,0.2857142857142857,0.238095238095238,0.1904761904761904,0.238095238095238,0.0,0.0,0.0476190476190476
2022-02-19,Mall 2,38.0,23.0,1.6521739130434785,0.5217391304347826,0.4782608695652174,0.0434782608695652,0.0869565217391304,0.391304347826087,0.0869565217391304,0.391304347826087,0.2608695652173913,0.7391304347826086,0.7391304347826086,0.2608695652173913,0.3478260869565217,0.3043478260869565,0.1739130434782608,0.0,0.0,0.0869565217391304,0.0869565217391304
2022-02-19,Office,42.5,25.0,1.7,0.2083333333333333,0.7916666666666666,0.0,0.0416666666666666,0.4166666666666667,0.5416666666666666,0.0,0.4166666666666667,0.5833333333333334,0.875,0.125,0.0416666666666666,0.0,0.1666666666666666,0.0833333333333333,0.25,0.2083333333333333,0.25
2022-02-26,Factory,140.0,82.0,1.7073170731707317,0.5975609756097561,0.4024390243902439,0.5853658536585366,0.0121951219512195,0.2682926829268293,0.1341463414634146,0.0,0.6707317073170732,0.3292682926829268,0.7073170731707317,0.2926829268292683,0.0853658536585365,0.0,0.1097560975609756,0.2195121951219512,0.2317073170731707,0.1829268292682926,0.1707317073170731
2022-02-26,Library,0.0,0.0,,,,,,,,,,,,,,,,,,,
2022-02-26,Mall 1,11.5,4.0,2.875,1.0,0.0,0.25,0.25,0.0,0.0,0.5,0.25,0.75,0.25,0.75,0.5,0.0,0.25,0.25,0.0,0.0,0.0
2022-02-26,Mall 2,27.25,17.0,1.6029411764705883,0.5333333333333333,0.4666666666666667,0.4,0.0,0.3333333333333333,0.2,0.0666666666666666,0.1333333333333333,0.8666666666666667,0.4666666666666667,0.5333333333333333,0.2666666666666666,0.2,0.2666666666666666,0.1333333333333333,0.0666666666666666,0.0,0.0666666666666666
2022-02-26,Office,41.75,24.0,1.7395833333333333,0.1739130434782608,0.8260869565217391,0.0,0.0434782608695652,0.5217391304347826,0.4347826086956521,0.0,0.1739130434782608,0.8260869565217391,0.8260869565217391,0.1739130434782608,0.0,0.0,0.217391304347826,0.1739130434782608,0.3478260869565217,0.1739130434782608,0.0869565217391304
2022-03-05,Factory,97.75,59.0,1.6567796610169492,0.5,0.5,0.5,0.0,0.3448275862068966,0.1551724137931034,0.0,0.6896551724137931,0.3103448275862069,0.7068965517241379,0.293103448275862,0.1379310344827586,0.0,0.1206896551724138,0.2241379310344827,0.1034482758620689,0.2068965517241379,0.2068965517241379
2022-03-05,Library,0.0,0.0,,,,,,,,,,,,,,,,,,,
2022-03-05,Mall 1,5.5,3.0,1.8333333333333333,0.3333333333333333,0.6666666666666666,0.3333333333333333,0.0,0.3333333333333333,0.3333333333333333,0.0,0.0,1.0,0.3333333333333333,0.6666666666666666,0.0,0.0,0.0,0.3333333333333333,0.0,0.0,0.6666666666666666
2022-03-05,Mall 2,34.75,19.0,1.8289473684210529,0.4444444444444444,0.5555555555555556,0.0,0.1111111111111111,0.3888888888888889,0.1666666666666666,0.3333333333333333,0.2777777777777778,0.7222222222222222,0.7222222222222222,0.2777777777777778,0.2777777777777778,0.2777777777777778,0.2777777777777778,0.0,0.0555555555555555,0.0,0.1111111111111111
2022-03-05,Office,37.25,21.0,1.7738095238095235,0.0476190476190476,0.9523809523809524,0.0,0.0,0.5238095238095238,0.4285714285714285,0.0476190476190476,0.238095238095238,0.7619047619047619,0.8571428571428571,0.1428571428571428,0.0,0.0,0.0952380952380952,0.1904761904761904,0.238095238095238,0.2857142857142857,0.1904761904761904
2022-03-12,Factory,104.0,58.0,1.793103448275862,0.2105263157894736,0.7894736842105263,0.2105263157894736,0.0,0.5087719298245614,0.2807017543859649,0.0,0.8596491228070176,0.1403508771929824,0.7543859649122807,0.2456140350877192,0.0,0.0,0.1052631578947368,0.2631578947368421,0.3508771929824561,0.175438596491228,0.1052631578947368
2022-03-12,Library,51.5,31.0,1.6612903225806452,0.3870967741935484,0.6129032258064516,0.2903225806451613,0.0967741935483871,0.4516129032258064,0.1612903225806451,0.0,0.4838709677419355,0.5161290322580645,0.5483870967741935,0.4516129032258064,0.0,0.0,0.064516129032258,0.1612903225806451,0.2903225806451613,0.1935483870967742,0.2903225806451613
2022-03-12,Mall 1,33.5,17.0,1.9705882352941175,0.3529411764705882,0.6470588235294118,0.1764705882352941,0.1176470588235294,0.3529411764705882,0.2941176470588235,0.0588235294117647,0.5294117647058824,0.4705882352941176,0.4705882352941176,0.5294117647058824,0.1764705882352941,0.2941176470588235,0.0588235294117647,0.0588235294117647,0.1176470588235294,0.0588235294117647,0.2352941176470588
2022-03-12,Mall 2,44.75,26.0,1.7211538461538465,0.6,0.4,0.2,0.08,0.36,0.04,0.32,0.36,0.64,0.48,0.52,0.08,0.24,0.08,0.2,0.12,0.16,0.12
2022-03-12,Office,20.5,11.0,1.8636363636363635,0.1818181818181818,0.8181818181818182,0.0,0.1818181818181818,0.6363636363636364,0.1818181818181818,0.0,0.2727272727272727,0.7272727272727273,1.0,0.0,0.0,0.0,0.2727272727272727,0.0909090909090909,0.1818181818181818,0.1818181818181818,0.2727272727272727
2022-03-19,Factory,48.0,28.0,1.7142857142857142,0.1071428571428571,0.8928571428571429,0.1071428571428571,0.0,0.6071428571428571,0.2857142857142857,0.0,0.5357142857142857,0.4642857142857143,0.5714285714285714,0.4285714285714285,0.0,0.0,0.1071428571428571,0.1428571428571428,0.1785714285714285,0.1785714285714285,0.3928571428571428
2022-03-19,Library,115.75,59.0,1.961864406779661,0.4067796610169492,0.5932203389830508,0.135593220338983,0.2711864406779661,0.423728813559322,0.1694915254237288,0.0,0.5084745762711864,0.4915254237288136,0.6779661016949152,0.3220338983050847,0.1186440677966101,0.1525423728813559,0.1864406779661017,0.2372881355932203,0.0508474576271186,0.1525423728813559,0.1016949152542373
2022-03-19,Mall 1,36.0,18.0,2.0,0.6111111111111112,0.3888888888888889,0.2777777777777778,0.1111111111111111,0.1666666666666666,0.2222222222222222,0.2222222222222222,0.2777777777777778,0.7222222222222222,0.2777777777777778,0.7222222222222222,0.4444444444444444,0.1111111111111111,0.1666666666666666,0.0555555555555555,0.0555555555555555,0.1111111111111111,0.0555555555555555
2022-03-19,Mall 2,49.75,30.0,1.6583333333333334,0.5,0.5,0.2,0.1,0.4666666666666667,0.0333333333333333,0.2,0.3333333333333333,0.6666666666666666,0.5666666666666667,0.4333333333333333,0.5666666666666667,0.0,0.1666666666666666,0.2333333333333333,0.0333333333333333,0.0,0.0
2022-03-19,Office,21.5,11.0,1.9545454545454544,0.0909090909090909,0.9090909090909092,0.0,0.0909090909090909,0.5454545454545454,0.3636363636363636,0.0,0.2727272727272727,0.7272727272727273,0.9090909090909092,0.0909090909090909,0.0,0.0,0.3636363636363636,0.0909090909090909,0.3636363636363636,0.1818181818181818,0.0
2022-03-26,Factory,112.5,72.0,1.5625,0.5774647887323944,0.4225352112676056,0.5774647887323944,0.0,0.323943661971831,0.0985915492957746,0.0,0.5492957746478874,0.4507042253521127,0.8028169014084507,0.1971830985915492,0.0140845070422535,0.0,0.1830985915492957,0.2676056338028169,0.2112676056338028,0.1267605633802817,0.1971830985915492
2022-03-26,Library,80.25,43.0,1.8662790697674416,0.4883720930232558,0.5116279069767442,0.2093023255813953,0.1860465116279069,0.3255813953488372,0.2325581395348837,0.0465116279069767,0.2093023255813953,0.7906976744186046,0.5348837209302325,0.4651162790697674,0.0697674418604651,0.0697674418604651,0.1627906976744186,0.0930232558139534,0.3023255813953488,0.1860465116279069,0.1162790697674418
2022-03-26,Mall 1,28.0,10.0,2.8,0.8,0.2,0.2,0.6,0.2,0.0,0.0,0.1,0.9,0.7,0.3,0.1,0.1,0.0,0.1,0.3,0.0,0.4
2022-03-26,Mall 2,33.75,21.0,1.6071428571428572,0.5,0.5,0.125,0.0625,0.5,0.0,0.3125,0.125,0.875,0.4375,0.5625,0.125,0.375,0.125,0.125,0.125,0.125,0.0
2022-03-26,Office,61.0,33.0,1.8484848484848484,0.1212121212121212,0.8787878787878788,0.0,0.0909090909090909,0.7575757575757576,0.1212121212121212,0.0303030303030303,0.5757575757575758,0.4242424242424242,0.6666666666666666,0.3333333333333333,0.0,0.0,0.3333333333333333,0.1212121212121212,0.1515151515151515,0.2727272727272727,0.1212121212121212
2022-04-02,Factory,111.0,60.0,1.85,0.65,0.35,0.5166666666666667,0.1333333333333333,0.1833333333333333,0.1666666666666666,0.0,0.6666666666666666,0.3333333333333333,0.8166666666666667,0.1833333333333333,0.1,0.0,0.1166666666666666,0.3333333333333333,0.1166666666666666,0.15,0.1833333333333333
2022-04-02,Library,190.5,102.0,1.8676470588235292,0.44,0.56,0.15,0.17,0.34,0.26,0.08,0.24,0.76,0.57,0.43,0.2,0.08,0.25,0.15,0.13,0.16,0.03
2022-04-02,Mall 1,21.0,9.0,2.333333333333333,0.6666666666666666,0.3333333333333333,0.1111111111111111,0.3333333333333333,0.2222222222222222,0.1111111111111111,0.2222222222222222,0.3333333333333333,0.6666666666666666,0.4444444444444444,0.5555555555555556,0.4444444444444444,0.2222222222222222,0.1111111111111111,0.0,0.0,0.0,0.2222222222222222
2022-04-02,Mall 2,14.5,8.0,1.8125,0.375,0.625,0.25,0.125,0.25,0.375,0.0,0.25,0.75,0.375,0.625,0.25,0.25,0.0,0.125,0.25,0.125,0.0
2022-04-02,Office,39.25,22.0,1.7840909090909092,0.0454545454545454,0.9545454545454546,0.0,0.0454545454545454,0.7272727272727273,0.2272727272727272,0.0,0.2727272727272727,0.7272727272727273,0.5454545454545454,0.4545454545454545,0.0,0.0,0.3636363636363636,0.1363636363636363,0.1818181818181818,0.1818181818181818,0.1363636363636363
2022-04-09,Factory,161.5,78.0,2.0705128205128207,0.7435897435897436,0.2564102564102564,0.6025641025641025,0.141025641025641,0.1794871794871795,0.0769230769230769,0.0,0.6794871794871795,0.3205128205128205,0.6153846153846154,0.3846153846153846,0.0769230769230769,0.0,0.1666666666666666,0.0769230769230769,0.1923076923076923,0.2948717948717949,0.1923076923076923
2022-04-09,Library,120.0,64.0,1.875,0.34375,0.65625,0.09375,0.109375,0.25,0.4375,0.109375,0.203125,0.796875,0.59375,0.40625,0.09375,0.03125,0.15625,0.3125,0.21875,0.1875,0.0
2022-04-09,Mall 1,42.25,22.0,1.9204545454545452,0.4545454545454545,0.5454545454545454,0.4090909090909091,0.0454545454545454,0.3636363636363636,0.1818181818181818,0.0,0.3636363636363636,0.6363636363636364,0.8181818181818182,0.1818181818181818,0.1818181818181818,0.0454545454545454,0.0454545454545454,0.3181818181818182,0.2727272727272727,0.0454545454545454,0.0909090909090909
2022-04-09,Mall 2,38.0,20.0,1.9,0.5789473684210527,0.4210526315789473,0.2631578947368421,0.1052631578947368,0.2631578947368421,0.1578947368421052,0.2105263157894736,0.3157894736842105,0.6842105263157895,0.4210526315789473,0.5789473684210527,0.3157894736842105,0.0526315789473684,0.1052631578947368,0.1052631578947368,0.1052631578947368,0.2105263157894736,0.1052631578947368
2022-04-09,Office,23.75,14.0,1.6964285714285714,0.0,1.0,0.0,0.0,0.7857142857142857,0.2142857142857142,0.0,0.2857142857142857,0.7142857142857143,0.6428571428571429,0.3571428571428571,0.0,0.0,0.3571428571428571,0.0714285714285714,0.2857142857142857,0.1428571428571428,0.1428571428571428
2022-04-16,Factory,138.0,83.0,1.6626506024096386,0.4878048780487805,0.5121951219512195,0.4756097560975609,0.0121951219512195,0.3048780487804878,0.2073170731707317,0.0,0.5121951219512195,0.4878048780487805,0.7682926829268293,0.2317073170731707,0.024390243902439,0.0,0.2560975609756097,0.2439024390243902,0.1341463414634146,0.1097560975609756,0.2317073170731707
2022-04-16,Library,104.0,61.0,1.7049180327868851,0.4098360655737705,0.5901639344262295,0.180327868852459,0.0655737704918032,0.360655737704918,0.2459016393442623,0.1475409836065573,0.1967213114754098,0.8032786885245902,0.5081967213114754,0.4918032786885246,0.0655737704918032,0.0,0.2459016393442623,0.1147540983606557,0.2786885245901639,0.2295081967213114,0.0655737704918032
2022-04-16,Mall 1,31.0,16.0,1.9375,0.4375,0.5625,0.25,0.1875,0.375,0.1875,0.0,0.25,0.75,0.5,0.5,0.25,0.0,0.1875,0.0625,0.1875,0.1875,0.125
2022-04-16,Mall 2,38.75,22.0,1.7613636363636365,0.5454545454545454,0.4545454545454545,0.1818181818181818,0.0,0.2727272727272727,0.1818181818181818,0.3636363636363636,0.2727272727272727,0.7272727272727273,0.7272727272727273,0.2727272727272727,0.2272727272727272,0.0,0.2727272727272727,0.0909090909090909,0.1363636363636363,0.0909090909090909,0.1818181818181818
2022-04-16,Office,15.5,10.0,1.55,0.0,1.0,0.0,0.0,0.8,0.2,0.0,0.7,0.3,0.7,0.3,0.0,0.0,0.2,0.4,0.3,0.1,0.0
2022-04-23,Factory,206.25,111.0,1.858108108108108,0.5675675675675675,0.4324324324324324,0.5225225225225225,0.045045045045045,0.3243243243243243,0.1081081081081081,0.0,0.6666666666666666,0.3333333333333333,0.7567567567567568,0.2432432432432432,0.1891891891891892,0.018018018018018,0.09009009009009,0.081081081081081,0.1441441441441441,0.2252252252252252,0.2522522522522522
2022-04-23,Library,156.0,82.0,1.902439024390244,0.4125,0.5875,0.1,0.1875,0.325,0.2875,0.1,0.4125,0.5875,0.6375,0.3625,0.05,0.0,0.2375,0.0875,0.3625,0.0875,0.175
2022-04-23,Mall 1,18.75,8.0,2.34375,0.75,0.25,0.375,0.25,0.125,0.125,0.125,0.25,0.75,0.625,0.375,0.25,0.125,0.0,0.125,0.25,0.0,0.25
2022-04-23,Mall 2,20.75,13.0,1.5961538461538465,0.6153846153846154,0.3846153846153846,0.3076923076923077,0.0,0.3076923076923077,0.0769230769230769,0.3076923076923077,0.2307692307692307,0.7692307692307693,0.8461538461538461,0.1538461538461538,0.0769230769230769,0.3076923076923077,0.2307692307692307,0.0769230769230769,0.0769230769230769,0.0769230769230769,0.1538461538461538
2022-04-23,Office,31.0,17.0,1.8235294117647056,0.0,1.0,0.0,0.0,0.8823529411764706,0.1176470588235294,0.0,0.8823529411764706,0.1176470588235294,0.7058823529411765,0.2941176470588235,0.0,0.0,0.2941176470588235,0.2941176470588235,0.1764705882352941,0.1764705882352941,0.0588235294117647
2022-04-30,Factory,125.75,68.0,1.849264705882353,0.3970588235294117,0.6029411764705882,0.2205882352941176,0.1764705882352941,0.3235294117647059,0.2794117647058823,0.0,0.5882352941176471,0.4117647058823529,0.6911764705882353,0.3088235294117647,0.0735294117647058,0.0,0.2647058823529412,0.1470588235294117,0.2941176470588235,0.1764705882352941,0.0441176470588235
2022-04-30,Library,210.5,109.0,1.9311926605504588,0.4036697247706422,0.5963302752293578,0.1834862385321101,0.1559633027522936,0.3027522935779816,0.3027522935779816,0.055045871559633,0.3027522935779816,0.6972477064220184,0.5321100917431193,0.4678899082568807,0.146788990825688,0.128440366972477,0.110091743119266,0.2018348623853211,0.128440366972477,0.2110091743119266,0.073394495412844
2022-04-30,Mall 1,33.5,14.0,2.392857142857143,0.5714285714285714,0.4285714285714285,0.2857142857142857,0.2142857142857142,0.2142857142857142,0.2142857142857142,0.0714285714285714,0.3571428571428571,0.6428571428571429,0.7142857142857143,0.2857142857142857,0.2857142857142857,0.1428571428571428,0.2142857142857142,0.0714285714285714,0.1428571428571428,0.0,0.1428571428571428
2022-04-30,Mall 2,25.0,16.0,1.5625,0.5625,0.4375,0.25,0.0625,0.3125,0.125,0.25,0.1875,0.8125,0.6875,0.3125,0.0625,0.1875,0.125,0.0625,0.125,0.1875,0.25
2022-04-30,Office,32.25,17.0,1.897058823529412,0.0588235294117647,0.9411764705882352,0.0,0.0,0.6470588235294118,0.2941176470588235,0.0588235294117647,0.4117647058823529,0.5882352941176471,0.8823529411764706,0.1176470588235294,0.0,0.0,0.1176470588235294,0.3529411764705882,0.1176470588235294,0.1176470588235294,0.2941176470588235
2022-05-07,Factory,34.75,21.0,1.6547619047619049,0.2857142857142857,0.7142857142857143,0.2857142857142857,0.0,0.3333333333333333,0.3809523809523809,0.0,0.4761904761904761,0.5238095238095238,0.7619047619047619,0.238095238095238,0.0,0.0,0.0952380952380952,0.238095238095238,0.0476190476190476,0.0476190476190476,0.5714285714285714
2022-05-07,Library,165.5,87.0,1.9022988505747127,0.313953488372093,0.686046511627907,0.0465116279069767,0.1627906976744186,0.4302325581395348,0.2558139534883721,0.1046511627906976,0.4302325581395348,0.5697674418604651,0.5697674418604651,0.4302325581395348,0.0813953488372093,0.1511627906976744,0.2790697674418604,0.1627906976744186,0.1395348837209302,0.127906976744186,0.0581395348837209
2022-05-07,Mall 1,43.25,22.0,1.9659090909090908,0.5,0.5,0.2727272727272727,0.1363636363636363,0.3181818181818182,0.1818181818181818,0.0909090909090909,0.4545454545454545,0.5454545454545454,0.5909090909090909,0.4090909090909091,0.3181818181818182,0.2272727272727272,0.0454545454545454,0.1818181818181818,0.1363636363636363,0.0454545454545454,0.0454545454545454
2022-05-07,Mall 2,52.75,29.0,1.8189655172413792,0.7142857142857143,0.2857142857142857,0.3571428571428571,0.0714285714285714,0.25,0.0357142857142857,0.2857142857142857,0.3214285714285714,0.6785714285714286,0.5,0.5,0.25,0.1785714285714285,0.0357142857142857,0.1071428571428571,0.1428571428571428,0.0714285714285714,0.2142857142857142
2022-05-07,Office,51.5,29.0,1.7758620689655171,0.0,1.0,0.0,0.0,0.6896551724137931,0.3103448275862069,0.0,0.4482758620689655,0.5517241379310345,0.6896551724137931,0.3103448275862069,0.0,0.0,0.3448275862068966,0.1034482758620689,0.2068965517241379,0.1034482758620689,0.2413793103448276
2022-05-14,Factory,200.5,105.0,1.9095238095238096,0.5238095238095238,0.4761904761904761,0.4761904761904761,0.0476190476190476,0.2571428571428571,0.219047619047619,0.0,0.7428571428571429,0.2571428571428571,0.6952380952380952,0.3047619047619048,0.0571428571428571,0.0,0.1142857142857142,0.2476190476190476,0.2476190476190476,0.1809523809523809,0.1523809523809524
2022-05-14,Library,77.75,46.0,1.690217391304348,0.3111111111111111,0.6888888888888889,0.0666666666666666,0.0666666666666666,0.5777777777777777,0.1111111111111111,0.1777777777777777,0.2888888888888888,0.7111111111111111,0.4666666666666667,0.5333333333333333,0.0222222222222222,0.3555555555555555,0.1777777777777777,0.1555555555555555,0.0,0.1111111111111111,0.1777777777777777
2022-05-14,Mall 1,32.5,16.0,2.03125,0.6875,0.3125,0.4375,0.125,0.1875,0.125,0.125,0.25,0.75,0.5,0.5,0.1875,0.125,0.0625,0.4375,0.125,0.0,0.0625
2022-05-14,Mall 2,42.0,23.0,1.826086956521739,0.6086956521739131,0.391304347826087,0.217391304347826,0.1304347826086956,0.3478260869565217,0.0434782608695652,0.2608695652173913,0.2608695652173913,0.7391304347826086,0.5652173913043478,0.4347826086956521,0.1304347826086956,0.1304347826086956,0.1304347826086956,0.0869565217391304,0.0869565217391304,0.217391304347826,0.217391304347826
2022-05-14,Office,15.5,9.0,1.7222222222222223,0.0,1.0,0.0,0.0,0.4444444444444444,0.5555555555555556,0.0,0.4444444444444444,0.5555555555555556,1.0,0.0,0.0,0.0,0.0,0.3333333333333333,0.2222222222222222,0.2222222222222222,0.2222222222222222
2022-05-21,Factory,120.5,59.0,2.042372881355932,0.5344827586206896,0.4655172413793103,0.396551724137931,0.1379310344827586,0.2241379310344827,0.2413793103448276,0.0,0.7068965517241379,0.293103448275862,0.6379310344827587,0.3620689655172414,0.1379310344827586,0.0,0.2068965517241379,0.2241379310344827,0.2241379310344827,0.1206896551724138,0.0862068965517241
2022-05-21,Library,154.5,77.0,2.0064935064935066,0.4342105263157895,0.5657894736842105,0.0526315789473684,0.2368421052631578,0.3947368421052631,0.1710526315789473,0.1447368421052631,0.3684210526315789,0.631578947368421,0.5394736842105263,0.4605263157894737,0.0394736842105263,0.131578947368421,0.1842105263157894,0.3289473684210526,0.0,0.1973684210526315,0.1184210526315789
2022-05-21,Mall 1,46.75,24.0,1.9479166666666667,0.5,0.5,0.2083333333333333,0.1666666666666666,0.4583333333333333,0.0416666666666666,0.125,0.375,0.625,0.7916666666666666,0.2083333333333333,0.0833333333333333,0.4583333333333333,0.0,0.0833333333333333,0.1666666666666666,0.0833333333333333,0.125
2022-05-21,Mall 2,45.75,27.0,1.6944444444444444,0.6296296296296297,0.3703703703703703,0.4074074074074074,0.037037037037037,0.2592592592592592,0.1111111111111111,0.1851851851851851,0.2962962962962963,0.7037037037037037,0.7407407407407407,0.2592592592592592,0.4074074074074074,0.1851851851851851,0.074074074074074,0.037037037037037,0.1111111111111111,0.074074074074074,0.1111111111111111
2022-05-21,Office,7.0,4.0,1.75,0.25,0.75,0.25,0.0,0.25,0.5,0.0,0.25,0.75,1.0,0.0,0.0,0.0,0.25,0.5,0.0,0.25,0.0
2022-05-28,Factory,106.5,49.0,2.173469387755102,0.5510204081632653,0.4489795918367347,0.2448979591836734,0.3061224489795918,0.2857142857142857,0.1632653061224489,0.0,0.6530612244897959,0.3469387755102041,0.7346938775510204,0.2653061224489796,0.1020408163265306,0.0,0.0,0.2244897959183673,0.1428571428571428,0.3061224489795918,0.2244897959183673
2022-05-28,Library,133.75,69.0,1.9384057971014488,0.4117647058823529,0.5882352941176471,0.1470588235294117,0.1764705882352941,0.3676470588235294,0.2205882352941176,0.088235294117647,0.2941176470588235,0.7058823529411765,0.6323529411764706,0.3676470588235294,0.2352941176470588,0.0,0.0,0.2058823529411764,0.2941176470588235,0.1764705882352941,0.088235294117647
2022-05-28,Mall 1,6.0,3.0,2.0,0.6666666666666666,0.3333333333333333,0.3333333333333333,0.3333333333333333,0.0,0.3333333333333333,0.0,0.0,1.0,0.6666666666666666,0.3333333333333333,0.6666666666666666,0.0,0.0,0.0,0.0,0.3333333333333333,0.0
2022-05-28,Mall 2,39.75,21.0,1.8928571428571428,0.5238095238095238,0.4761904761904761,0.1904761904761904,0.3333333333333333,0.3333333333333333,0.1428571428571428,0.0,0.3809523809523809,0.6190476190476191,0.7619047619047619,0.238095238095238,0.1904761904761904,0.238095238095238,0.1904761904761904,0.0,0.1904761904761904,0.0952380952380952,0.0952380952380952
2022-05-28,Office,8.5,5.0,1.7,0.0,1.0,0.0,0.0,0.6,0.4,0.0,0.8,0.2,0.4,0.6,0.0,0.0,0.0,0.4,0.6,0.0,0.0
2022-06-04,Factory,139.0,68.0,2.044117647058824,0.4328358208955223,0.5671641791044776,0.3432835820895522,0.0895522388059701,0.4328358208955223,0.1343283582089552,0.0,0.7761194029850746,0.2238805970149253,0.7164179104477612,0.2835820895522388,0.0149253731343283,0.0,0.2388059701492537,0.1641791044776119,0.1492537313432835,0.2537313432835821,0.1791044776119403
2022-06-04,Library,152.75,84.0,1.818452380952381,0.4047619047619047,0.5952380952380952,0.1071428571428571,0.1547619047619047,0.369047619047619,0.2261904761904762,0.1428571428571428,0.3333333333333333,0.6666666666666666,0.5357142857142857,0.4642857142857143,0.2142857142857142,0.1547619047619047,0.119047619047619,0.2142857142857142,0.1904761904761904,0.0357142857142857,0.0714285714285714
2022-06-04,Mall 1,57.75,29.0,1.991379310344828,0.3571428571428571,0.6428571428571429,0.1785714285714285,0.1785714285714285,0.4285714285714285,0.2142857142857142,0.0,0.3928571428571428,0.6071428571428571,0.7142857142857143,0.2857142857142857,0.25,0.2857142857142857,0.0714285714285714,0.1071428571428571,0.0,0.1785714285714285,0.1071428571428571
2022-06-04,Mall 2,43.5,26.0,1.6730769230769231,0.2,0.8,0.04,0.04,0.48,0.32,0.12,0.44,0.56,0.52,0.48,0.08,0.24,0.08,0.12,0.08,0.28,0.12
2022-06-04,Office,32.5,19.0,1.7105263157894737,0.0,1.0,0.0,0.0,0.7894736842105263,0.2105263157894736,0.0,0.2631578947368421,0.7368421052631579,0.7368421052631579,0.2631578947368421,0.0,0.0,0.3157894736842105,0.1578947368421052,0.0526315789473684,0.1578947368421052,0.3157894736842105
2022-06-11,Factory,143.0,66.0,2.1666666666666665,0.5909090909090909,0.4090909090909091,0.5151515151515151,0.0757575757575757,0.2121212121212121,0.1969696969696969,0.0,0.8333333333333334,0.1666666666666666,0.7878787878787878,0.2121212121212121,0.1363636363636363,0.0454545454545454,0.1666666666666666,0.1212121212121212,0.2878787878787879,0.1363636363636363,0.106060606060606
2022-06-11,Library,157.0,88.0,1.7840909090909092,0.3068181818181818,0.6931818181818182,0.0681818181818181,0.125,0.5,0.1931818181818181,0.1136363636363636,0.5568181818181818,0.4431818181818182,0.5454545454545454,0.4545454545454545,0.0227272727272727,0.0795454545454545,0.2386363636363636,0.1818181818181818,0.25,0.1818181818181818,0.0454545454545454
2022-06-11,Mall 1,25.75,14.0,1.8392857142857144,0.2857142857142857,0.7142857142857143,0.0714285714285714,0.0714285714285714,0.5714285714285714,0.1428571428571428,0.1428571428571428,0.7857142857142857,0.2142857142857142,0.5,0.5,0.0714285714285714,0.5,0.0,0.0,0.2142857142857142,0.0,0.2142857142857142
2022-06-11,Mall 2,61.25,35.0,1.75,0.5142857142857142,0.4857142857142857,0.0571428571428571,0.2,0.3714285714285714,0.1142857142857142,0.2571428571428571,0.2857142857142857,0.7142857142857143,0.6571428571428571,0.3428571428571428,0.1428571428571428,0.3142857142857143,0.2857142857142857,0.0,0.0,0.0571428571428571,0.2
2022-06-11,Office,27.75,16.0,1.734375,0.0,1.0,0.0,0.0,0.625,0.375,0.0,0.25,0.75,0.875,0.125,0.0,0.0,0.125,0.125,0.3125,0.3125,0.125
2022-06-18,Factory,116.0,59.0,1.9661016949152543,0.5517241379310345,0.4482758620689655,0.4137931034482758,0.1379310344827586,0.2758620689655172,0.1724137931034483,0.0,0.7068965517241379,0.293103448275862,0.7931034482758621,0.2068965517241379,0.0517241379310344,0.0,0.0344827586206896,0.1724137931034483,0.1896551724137931,0.3620689655172414,0.1896551724137931
2022-06-18,Library,121.25,57.0,2.1271929824561404,0.3392857142857143,0.6607142857142857,0.1071428571428571,0.2321428571428571,0.5,0.1607142857142857,0.0,0.5892857142857143,0.4107142857142857,0.5535714285714286,0.4464285714285714,0.0357142857142857,0.1071428571428571,0.25,0.1071428571428571,0.3035714285714285,0.0892857142857142,0.1071428571428571
2022-06-18,Mall 1,35.75,19.0,1.881578947368421,0.4210526315789473,0.5789473684210527,0.3157894736842105,0.1052631578947368,0.3157894736842105,0.2631578947368421,0.0,0.5263157894736842,0.4736842105263157,0.8421052631578947,0.1578947368421052,0.3157894736842105,0.1052631578947368,0.1578947368421052,0.0526315789473684,0.1578947368421052,0.1052631578947368,0.1052631578947368
2022-06-18,Mall 2,69.0,37.0,1.864864864864865,0.5675675675675675,0.4324324324324324,0.2162162162162162,0.1081081081081081,0.3243243243243243,0.1081081081081081,0.2432432432432432,0.4054054054054054,0.5945945945945946,0.7297297297297297,0.2702702702702703,0.1081081081081081,0.1891891891891892,0.2702702702702703,0.1621621621621621,0.1351351351351351,0.0,0.1351351351351351
2022-06-18,Office,34.5,19.0,1.8157894736842104,0.0526315789473684,0.9473684210526316,0.0526315789473684,0.0,0.4736842105263157,0.4736842105263157,0.0,0.5789473684210527,0.4210526315789473,0.8421052631578947,0.1578947368421052,0.0,0.0,0.2631578947368421,0.0526315789473684,0.2631578947368421,0.1052631578947368,0.3157894736842105
2022-06-25,Factory,202.5,100.0,2.025,0.5612244897959183,0.4387755102040816,0.5204081632653061,0.0408163265306122,0.2959183673469387,0.1428571428571428,0.0,0.9285714285714286,0.0714285714285714,0.7755102040816326,0.2244897959183673,0.0816326530612244,0.0,0.2142857142857142,0.1326530612244898,0.1428571428571428,0.0816326530612244,0.3469387755102041
2022-06-25,Library,219.75,112.0,1.9620535714285716,0.4017857142857143,0.5982142857142857,0.0982142857142857,0.2142857142857142,0.4196428571428571,0.1785714285714285,0.0892857142857142,0.4553571428571428,0.5446428571428571,0.5714285714285714,0.4285714285714285,0.1339285714285714,0.0714285714285714,0.1607142857142857,0.1785714285714285,0.1785714285714285,0.1875,0.0892857142857142
2022-06-25,Mall 1,57.0,26.0,2.1923076923076925,0.6538461538461539,0.3461538461538461,0.4615384615384615,0.1923076923076923,0.2307692307692307,0.1153846153846153,0.0,0.4230769230769231,0.5769230769230769,0.7307692307692307,0.2692307692307692,0.2307692307692307,0.0769230769230769,0.1538461538461538,0.0769230769230769,0.1923076923076923,0.0384615384615384,0.2307692307692307
2022-06-25,Mall 2,47.0,24.0,1.9583333333333333,0.6956521739130435,0.3043478260869565,0.2608695652173913,0.1739130434782608,0.217391304347826,0.0869565217391304,0.2608695652173913,0.3043478260869565,0.6956521739130435,0.5652173913043478,0.4347826086956521,0.1304347826086956,0.0434782608695652,0.1739130434782608,0.1739130434782608,0.0869565217391304,0.1304347826086956,0.2608695652173913
2022-06-25,Office,25.0,15.0,1.6666666666666667,0.0666666666666666,0.9333333333333332,0.0,0.0666666666666666,0.6,0.3333333333333333,0.0,0.7333333333333333,0.2666666666666666,0.8,0.2,0.0,0.0,0.0666666666666666,0.2666666666666666,0.4666666666666667,0.0666666666666666,0.1333333333333333
2022-07-02,Factory,145.5,72.0,2.020833333333333,0.5833333333333334,0.4166666666666667,0.3472222222222222,0.2361111111111111,0.25,0.1666666666666666,0.0,0.9166666666666666,0.0833333333333333,0.8888888888888888,0.1111111111111111,0.1805555555555555,0.0138888888888888,0.0,0.1666666666666666,0.2361111111111111,0.1944444444444444,0.2083333333333333
2022-07-02,Library,110.5,61.0,1.8114754098360653,0.3114754098360656,0.6885245901639344,0.1639344262295081,0.1147540983606557,0.4918032786885246,0.1967213114754098,0.0327868852459016,0.3770491803278688,0.6229508196721312,0.4098360655737705,0.5901639344262295,0.1311475409836065,0.0,0.0,0.1311475409836065,0.2786885245901639,0.2295081967213114,0.2295081967213114
2022-07-02,Mall 1,14.5,6.0,2.4166666666666665,0.6666666666666666,0.3333333333333333,0.1666666666666666,0.5,0.1666666666666666,0.1666666666666666,0.0,0.5,0.5,0.6666666666666666,0.3333333333333333,0.1666666666666666,0.0,0.0,0.1666666666666666,0.3333333333333333,0.3333333333333333,0.0
2022-07-02,Mall 2,48.5,27.0,1.7962962962962965,0.5185185185185185,0.4814814814814814,0.1851851851851851,0.1481481481481481,0.3333333333333333,0.1481481481481481,0.1851851851851851,0.2962962962962963,0.7037037037037037,0.6666666666666666,0.3333333333333333,0.2222222222222222,0.037037037037037,0.1111111111111111,0.037037037037037,0.2962962962962963,0.2592592592592592,0.037037037037037
2022-07-02,Office,32.0,18.0,1.7777777777777777,0.0,1.0,0.0,0.0,0.3333333333333333,0.6666666666666666,0.0,0.5,0.5,0.7222222222222222,0.2777777777777778,0.0,0.0,0.0,0.3333333333333333,0.3888888888888889,0.1666666666666666,0.1111111111111111
2022-07-09,Factory,226.5,114.0,1.986842105263158,0.4910714285714285,0.5089285714285714,0.375,0.1160714285714285,0.3482142857142857,0.1607142857142857,0.0,0.8839285714285714,0.1160714285714285,0.8035714285714286,0.1964285714285714,0.0892857142857142,0.0,0.1785714285714285,0.1607142857142857,0.2321428571428571,0.2142857142857142,0.125
2022-07-09,Library,193.25,99.0,1.952020202020202,0.4285714285714285,0.5714285714285714,0.1428571428571428,0.1938775510204081,0.3775510204081632,0.1938775510204081,0.0918367346938775,0.2551020408163265,0.7448979591836735,0.6020408163265306,0.3979591836734694,0.0510204081632653,0.0714285714285714,0.1836734693877551,0.1122448979591836,0.2142857142857142,0.3163265306122449,0.0510204081632653
2022-07-09,Mall 1,36.75,19.0,1.9342105263157892,0.5789473684210527,0.4210526315789473,0.0,0.1578947368421052,0.1578947368421052,0.2631578947368421,0.4210526315789473,0.5263157894736842,0.4736842105263157,0.5789473684210527,0.4210526315789473,0.1052631578947368,0.2631578947368421,0.2105263157894736,0.1052631578947368,0.1052631578947368,0.1578947368421052,0.0526315789473684
2022-07-09,Mall 2,67.0,36.0,1.8611111111111112,0.6470588235294118,0.3529411764705882,0.3235294117647059,0.1176470588235294,0.3235294117647059,0.0294117647058823,0.2058823529411764,0.3529411764705882,0.6470588235294118,0.5588235294117647,0.4411764705882353,0.1764705882352941,0.088235294117647,0.1176470588235294,0.2352941176470588,0.1470588235294117,0.1764705882352941,0.0588235294117647
2022-07-09,Office,26.0,15.0,1.7333333333333334,0.0666666666666666,0.9333333333333332,0.0666666666666666,0.0,0.3333333333333333,0.6,0.0,0.2,0.8,0.6666666666666666,0.3333333333333333,0.0,0.0666666666666666,0.2,0.2,0.1333333333333333,0.1333333333333333,0.2666666666666666
2022-07-16,Factory,230.0,113.0,2.035398230088496,0.504424778761062,0.495575221238938,0.3893805309734513,0.1150442477876106,0.2654867256637168,0.2300884955752212,0.0,0.8672566371681416,0.1327433628318584,0.8053097345132744,0.1946902654867256,0.2035398230088495,0.0,0.1592920353982301,0.247787610619469,0.0973451327433628,0.168141592920354,0.1238938053097345
2022-07-16,Library,231.25,117.0,1.9764957264957264,0.4741379310344827,0.5258620689655172,0.1551724137931034,0.2327586206896551,0.3706896551724138,0.1551724137931034,0.0862068965517241,0.3362068965517241,0.6637931034482759,0.6637931034482759,0.3362068965517241,0.0775862068965517,0.0172413793103448,0.0948275862068965,0.1896551724137931,0.1206896551724138,0.2586206896551724,0.2413793103448276
2022-07-16,Mall 1,16.5,8.0,2.0625,0.625,0.375,0.125,0.125,0.25,0.125,0.375,0.375,0.625,0.375,0.625,0.5,0.125,0.0,0.0,0.125,0.0,0.25
2022-07-16,Mall 2,51.0,24.0,2.125,0.6086956521739131,0.391304347826087,0.1739130434782608,0.4347826086956521,0.3043478260869565,0.0869565217391304,0.0,0.4782608695652174,0.5217391304347826,0.6086956521739131,0.391304347826087,0.1739130434782608,0.1739130434782608,0.0,0.217391304347826,0.1304347826086956,0.0869565217391304,0.217391304347826
2022-07-16,Office,24.0,13.0,1.8461538461538465,0.2307692307692307,0.7692307692307693,0.2307692307692307,0.0,0.3846153846153846,0.3846153846153846,0.0,0.1538461538461538,0.8461538461538461,0.3076923076923077,0.6923076923076923,0.0,0.0,0.1538461538461538,0.2307692307692307,0.3076923076923077,0.0,0.3076923076923077
2022-07-23,Factory,228.0,115.0,1.982608695652174,0.6160714285714286,0.3839285714285714,0.5089285714285714,0.1071428571428571,0.2946428571428571,0.0892857142857142,0.0,0.9285714285714286,0.0714285714285714,0.8035714285714286,0.1964285714285714,0.0803571428571428,0.0,0.1696428571428571,0.1875,0.2053571428571428,0.1964285714285714,0.1607142857142857
2022-07-23,Library,155.0,77.0,2.012987012987013,0.4473684210526316,0.5526315789473685,0.2105263157894736,0.2368421052631578,0.3684210526315789,0.1842105263157894,0.0,0.3947368421052631,0.6052631578947368,0.4210526315789473,0.5789473684210527,0.1973684210526315,0.1447368421052631,0.2105263157894736,0.1578947368421052,0.1447368421052631,0.1052631578947368,0.0394736842105263
2022-07-23,Mall 1,41.5,20.0,2.075,0.6,0.4,0.0,0.35,0.35,0.05,0.25,0.6,0.4,0.55,0.45,0.1,0.05,0.1,0.45,0.1,0.0,0.2
2022-07-23,Mall 2,57.75,31.0,1.8629032258064515,0.7407407407407407,0.2592592592592592,0.3333333333333333,0.1111111111111111,0.1111111111111111,0.1481481481481481,0.2962962962962963,0.3703703703703703,0.6296296296296297,0.6296296296296297,0.3703703703703703,0.3333333333333333,0.037037037037037,0.1111111111111111,0.3333333333333333,0.037037037037037,0.074074074074074,0.074074074074074
2022-07-23,Office,37.75,22.0,1.7159090909090908,0.0454545454545454,0.9545454545454546,0.0454545454545454,0.0,0.4090909090909091,0.5454545454545454,0.0,0.5454545454545454,0.4545454545454545,0.5454545454545454,0.4545454545454545,0.0,0.0,0.0,0.1363636363636363,0.1818181818181818,0.2727272727272727,0.4090909090909091
2022-07-30,Factory,215.0,100.0,2.15,0.7010309278350515,0.2989690721649484,0.5567010309278351,0.1443298969072164,0.1855670103092783,0.1134020618556701,0.0,0.9484536082474226,0.0515463917525773,0.8041237113402062,0.1958762886597938,0.0206185567010309,0.0,0.1237113402061855,0.0927835051546391,0.1958762886597938,0.2577319587628865,0.3092783505154639
2022-07-30,Library,120.0,55.0,2.1818181818181817,0.4909090909090909,0.509090909090909,0.2181818181818181,0.2727272727272727,0.4,0.109090909090909,0.0,0.3454545454545454,0.6545454545454545,0.4363636363636363,0.5636363636363636,0.0363636363636363,0.0909090909090909,0.1454545454545454,0.1818181818181818,0.1818181818181818,0.1818181818181818,0.1818181818181818
2022-07-30,Mall 1,20.0,11.0,1.818181818181818,0.3636363636363636,0.6363636363636364,0.1818181818181818,0.1818181818181818,0.6363636363636364,0.0,0.0,0.4545454545454545,0.5454545454545454,0.1818181818181818,0.8181818181818182,0.1818181818181818,0.1818181818181818,0.0,0.0909090909090909,0.1818181818181818,0.0,0.3636363636363636
2022-07-30,Mall 2,20.5,11.0,1.8636363636363635,0.6363636363636364,0.3636363636363636,0.0,0.3636363636363636,0.1818181818181818,0.1818181818181818,0.2727272727272727,0.3636363636363636,0.6363636363636364,0.7272727272727273,0.2727272727272727,0.1818181818181818,0.0,0.0909090909090909,0.0909090909090909,0.3636363636363636,0.0,0.2727272727272727
2022-07-30,Office,27.0,17.0,1.588235294117647,0.0,1.0,0.0,0.0,0.8235294117647058,0.1764705882352941,0.0,0.8235294117647058,0.1764705882352941,0.7058823529411765,0.2941176470588235,0.0,0.0,0.2941176470588235,0.4705882352941176,0.0588235294117647,0.1176470588235294,0.0588235294117647
2022-08-06,Factory,240.5,123.0,1.9552845528455285,0.4672131147540984,0.5327868852459017,0.3278688524590163,0.1393442622950819,0.3524590163934426,0.180327868852459,0.0,0.7540983606557377,0.2459016393442623,0.6721311475409836,0.3278688524590163,0.0491803278688524,0.0,0.1721311475409836,0.2131147540983606,0.2295081967213114,0.2377049180327868,0.0983606557377049
2022-08-06,Library,146.75,61.0,2.4057377049180326,0.4918032786885246,0.5081967213114754,0.081967213114754,0.4098360655737705,0.3934426229508196,0.1147540983606557,0.0,0.360655737704918,0.639344262295082,0.6557377049180327,0.3442622950819672,0.0655737704918032,0.0,0.1147540983606557,0.180327868852459,0.1639344262295081,0.1967213114754098,0.2786885245901639
2022-08-06,Mall 1,14.0,8.0,1.75,0.4285714285714285,0.5714285714285714,0.4285714285714285,0.0,0.2857142857142857,0.2857142857142857,0.0,0.5714285714285714,0.4285714285714285,0.1428571428571428,0.8571428571428571,0.7142857142857143,0.0,0.0,0.0,0.0,0.1428571428571428,0.1428571428571428
2022-08-06,Mall 2,23.25,12.0,1.9375,0.75,0.25,0.1666666666666666,0.4166666666666667,0.1666666666666666,0.0833333333333333,0.1666666666666666,0.25,0.75,0.6666666666666666,0.3333333333333333,0.0833333333333333,0.25,0.1666666666666666,0.1666666666666666,0.25,0.0,0.0833333333333333
2022-08-06,Office,65.75,41.0,1.603658536585366,0.05,0.95,0.025,0.025,0.55,0.4,0.0,0.55,0.45,0.65,0.35,0.0,0.0,0.225,0.275,0.1,0.2,0.2
2022-08-13,Factory,130.5,68.0,1.919117647058824,0.5074626865671642,0.4925373134328358,0.4925373134328358,0.0149253731343283,0.373134328358209,0.1194029850746268,0.0,0.8656716417910447,0.1343283582089552,0.8955223880597015,0.1044776119402985,0.0298507462686567,0.0,0.0895522388059701,0.044776119402985,0.1194029850746268,0.3880597014925373,0.3283582089552239
2022-08-13,Library,198.75,94.0,2.11436170212766,0.3010752688172043,0.6989247311827957,0.1075268817204301,0.1935483870967742,0.5268817204301075,0.1720430107526881,0.0,0.3655913978494624,0.6344086021505376,0.5913978494623656,0.4086021505376344,0.086021505376344,0.0,0.1827956989247312,0.2580645161290322,0.1720430107526881,0.1827956989247312,0.1182795698924731
2022-08-13,Mall 1,21.5,10.0,2.15,0.6,0.4,0.4,0.1,0.2,0.2,0.1,0.7,0.3,0.5,0.5,0.2,0.0,0.0,0.1,0.2,0.2,0.3
2022-08-13,Mall 2,33.5,18.0,1.8611111111111112,0.5,0.5,0.0555555555555555,0.1666666666666666,0.3888888888888889,0.1111111111111111,0.2777777777777778,0.3333333333333333,0.6666666666666666,0.7222222222222222,0.2777777777777778,0.0555555555555555,0.1111111111111111,0.0555555555555555,0.1111111111111111,0.2777777777777778,0.1666666666666666,0.2222222222222222
2022-08-13,Office,50.75,30.0,1.6916666666666669,0.0666666666666666,0.9333333333333332,0.0333333333333333,0.0333333333333333,0.6666666666666666,0.2666666666666666,0.0,0.5666666666666667,0.4333333333333333,0.7,0.3,0.0,0.0,0.2333333333333333,0.0666666666666666,0.1666666666666666,0.3,0.2333333333333333
2022-08-20,Factory,165.0,82.0,2.0121951219512195,0.524390243902439,0.4756097560975609,0.4024390243902439,0.1219512195121951,0.2804878048780488,0.1951219512195122,0.0,0.8414634146341463,0.1585365853658536,0.7682926829268293,0.2317073170731707,0.0,0.0,0.1341463414634146,0.1707317073170731,0.2804878048780488,0.1951219512195122,0.2195121951219512
2022-08-20,Library,148.0,65.0,2.276923076923077,0.4615384615384615,0.5384615384615384,0.1692307692307692,0.2923076923076923,0.4153846153846154,0.123076923076923,0.0,0.4153846153846154,0.5846153846153846,0.5076923076923077,0.4923076923076923,0.0461538461538461,0.0,0.1846153846153846,0.0153846153846153,0.3692307692307692,0.2769230769230769,0.1076923076923077
2022-08-20,Mall 1,32.25,15.0,2.15,0.9285714285714286,0.0714285714285714,0.3571428571428571,0.4285714285714285,0.0714285714285714,0.0,0.1428571428571428,0.7142857142857143,0.2857142857142857,0.3571428571428571,0.6428571428571429,0.2857142857142857,0.0,0.2142857142857142,0.2857142857142857,0.1428571428571428,0.0714285714285714,0.0
2022-08-20,Mall 2,49.0,25.0,1.96,0.56,0.44,0.08,0.32,0.16,0.28,0.16,0.4,0.6,0.68,0.32,0.32,0.08,0.2,0.16,0.0,0.08,0.16
2022-08-20,Office,32.75,19.0,1.7236842105263157,0.2105263157894736,0.7894736842105263,0.1578947368421052,0.0526315789473684,0.5263157894736842,0.2631578947368421,0.0,0.3684210526315789,0.631578947368421,0.5789473684210527,0.4210526315789473,0.0,0.0,0.2631578947368421,0.2105263157894736,0.2105263157894736,0.2105263157894736,0.1052631578947368
2022-08-27,Factory,62.5,39.0,1.6025641025641026,0.0789473684210526,0.9210526315789472,0.0,0.0789473684210526,0.7105263157894737,0.2105263157894736,0.0,0.631578947368421,0.3684210526315789,0.868421052631579,0.131578947368421,0.0526315789473684,0.0,0.2631578947368421,0.3421052631578947,0.131578947368421,0.2105263157894736,0.0
2022-08-27,Library,200.25,89.0,2.25,0.3333333333333333,0.6666666666666666,0.1379310344827586,0.1954022988505747,0.264367816091954,0.4022988505747126,0.0,0.2528735632183908,0.7471264367816092,0.4827586206896552,0.5172413793103449,0.1494252873563218,0.0,0.2528735632183908,0.160919540229885,0.2068965517241379,0.1264367816091954,0.1034482758620689
2022-08-27,Mall 1,34.0,18.0,1.8888888888888888,0.5882352941176471,0.4117647058823529,0.2352941176470588,0.0,0.2352941176470588,0.1764705882352941,0.3529411764705882,0.2352941176470588,0.7647058823529411,0.5294117647058824,0.4705882352941176,0.1176470588235294,0.5294117647058824,0.1176470588235294,0.1764705882352941,0.0588235294117647,0.0,0.0
2022-08-27,Mall 2,52.0,26.0,2.0,0.4166666666666667,0.5833333333333334,0.1666666666666666,0.25,0.25,0.3333333333333333,0.0,0.6666666666666666,0.3333333333333333,0.4166666666666667,0.5833333333333334,0.0833333333333333,0.4583333333333333,0.2916666666666667,0.0833333333333333,0.0,0.0,0.0833333333333333
2022-08-27,Office,54.0,30.0,1.8,0.0666666666666666,0.9333333333333332,0.0666666666666666,0.0,0.6333333333333333,0.3,0.0,0.3333333333333333,0.6666666666666666,0.6,0.4,0.0,0.0,0.1333333333333333,0.2333333333333333,0.3,0.1,0.2333333333333333
2022-09-03,Factory,142.0,75.0,1.893333333333333,0.6986301369863014,0.3013698630136986,0.6164383561643836,0.0821917808219178,0.2328767123287671,0.0684931506849315,0.0,0.9178082191780822,0.0821917808219178,0.7534246575342466,0.2465753424657534,0.0,0.0,0.0,0.1506849315068493,0.2328767123287671,0.2876712328767123,0.3287671232876712
2022-09-03,Library,114.75,50.0,2.295,0.24,0.76,0.12,0.12,0.5,0.26,0.0,0.44,0.56,0.68,0.32,0.0,0.0,0.0,0.1,0.26,0.48,0.16
2022-09-03,Mall 1,12.5,6.0,2.083333333333333,0.4,0.6,0.0,0.4,0.4,0.2,0.0,0.6,0.4,0.6,0.4,0.2,0.0,0.0,0.6,0.0,0.2,0.0
2022-09-03,Mall 2,28.0,16.0,1.75,0.2666666666666666,0.7333333333333333,0.0666666666666666,0.0666666666666666,0.2,0.5333333333333333,0.1333333333333333,0.7333333333333333,0.2666666666666666,0.4666666666666667,0.5333333333333333,0.0666666666666666,0.2,0.0666666666666666,0.0,0.0666666666666666,0.0,0.6
2022-09-03,Office,48.5,28.0,1.7321428571428572,0.0,1.0,0.0,0.0,0.5714285714285714,0.4285714285714285,0.0,0.3928571428571428,0.6071428571428571,0.6785714285714286,0.3214285714285714,0.0,0.0,0.0,0.3571428571428571,0.2857142857142857,0.1071428571428571,0.25
2022-09-10,Factory,194.5,94.0,2.0691489361702127,0.4893617021276595,0.5106382978723404,0.3085106382978723,0.1808510638297872,0.3617021276595745,0.1489361702127659,0.0,0.776595744680851,0.2234042553191489,0.8085106382978723,0.1914893617021276,0.0531914893617021,0.0,0.1595744680851064,0.2978723404255319,0.1276595744680851,0.1914893617021276,0.1702127659574468
2022-09-10,Library,138.5,65.0,2.1307692307692307,0.3692307692307692,0.6307692307692307,0.2153846153846154,0.1538461538461538,0.4769230769230769,0.1538461538461538,0.0,0.3692307692307692,0.6307692307692307,0.4923076923076923,0.5076923076923077,0.2461538461538461,0.0769230769230769,0.2153846153846154,0.1692307692307692,0.0923076923076923,0.0615384615384615,0.1384615384615384
2022-09-10,Mall 1,36.75,18.0,2.0416666666666665,0.4444444444444444,0.5555555555555556,0.0555555555555555,0.2777777777777778,0.3888888888888889,0.1666666666666666,0.1111111111111111,0.5555555555555556,0.4444444444444444,0.5,0.5,0.2777777777777778,0.1666666666666666,0.2222222222222222,0.0,0.0555555555555555,0.0555555555555555,0.2222222222222222
2022-09-10,Mall 2,17.25,10.0,1.725,0.2,0.8,0.1,0.1,0.5,0.3,0.0,0.5,0.5,0.5,0.5,0.2,0.2,0.3,0.0,0.1,0.2,0.0
2022-09-10,Office,55.5,33.0,1.681818181818182,0.0606060606060606,0.9393939393939394,0.0606060606060606,0.0,0.5454545454545454,0.3939393939393939,0.0,0.2424242424242424,0.7575757575757576,0.4242424242424242,0.5757575757575758,0.0,0.0,0.303030303030303,0.1515151515151515,0.2727272727272727,0.1212121212121212,0.1515151515151515
2022-09-17,Factory,114.0,57.0,2.0,0.3508771929824561,0.6491228070175439,0.2631578947368421,0.087719298245614,0.5964912280701754,0.0526315789473684,0.0,0.7894736842105263,0.2105263157894736,0.8771929824561403,0.1228070175438596,0.0,0.0,0.1403508771929824,0.2105263157894736,0.2456140350877192,0.2807017543859649,0.1228070175438596
2022-09-17,Library,214.0,96.0,2.2291666666666665,0.3368421052631579,0.6631578947368421,0.1263157894736842,0.1263157894736842,0.4421052631578947,0.2210526315789473,0.0842105263157894,0.2947368421052631,0.7052631578947368,0.5578947368421052,0.4421052631578947,0.1473684210526315,0.0421052631578947,0.1684210526315789,0.1578947368421052,0.1473684210526315,0.2526315789473684,0.0842105263157894
2022-09-17,Mall 1,36.5,18.0,2.0277777777777777,0.4444444444444444,0.5555555555555556,0.0,0.2777777777777778,0.2777777777777778,0.2777777777777778,0.1666666666666666,0.2777777777777778,0.7222222222222222,0.7222222222222222,0.2777777777777778,0.4444444444444444,0.1111111111111111,0.1111111111111111,0.0,0.1111111111111111,0.1666666666666666,0.0555555555555555
2022-09-17,Mall 2,13.5,7.0,1.9285714285714288,0.2857142857142857,0.7142857142857143,0.2857142857142857,0.0,0.5714285714285714,0.1428571428571428,0.0,0.5714285714285714,0.4285714285714285,0.8571428571428571,0.1428571428571428,0.2857142857142857,0.1428571428571428,0.2857142857142857,0.1428571428571428,0.1428571428571428,0.0,0.0
2022-09-17,Office,34.5,22.0,1.568181818181818,0.0454545454545454,0.9545454545454546,0.0454545454545454,0.0,0.7272727272727273,0.2272727272727272,0.0,0.3181818181818182,0.6818181818181818,0.5454545454545454,0.4545454545454545,0.0,0.0,0.0454545454545454,0.1818181818181818,0.1818181818181818,0.5,0.0909090909090909
2022-09-24,Factory,126.0,67.0,1.8805970149253728,0.3432835820895522,0.6567164179104478,0.2238805970149253,0.1194029850746268,0.5373134328358209,0.1194029850746268,0.0,0.8208955223880597,0.1791044776119403,0.6417910447761194,0.3582089552238806,0.0,0.0,0.1343283582089552,0.0895522388059701,0.1791044776119403,0.2686567164179104,0.3283582089552239
2022-09-24,Library,196.5,86.0,2.2848837209302326,0.4024390243902439,0.5975609756097561,0.1463414634146341,0.2317073170731707,0.3658536585365853,0.2317073170731707,0.024390243902439,0.3048780487804878,0.6951219512195121,0.3902439024390244,0.6097560975609756,0.1219512195121951,0.0853658536585365,0.0975609756097561,0.1951219512195122,0.1219512195121951,0.1463414634146341,0.2317073170731707
2022-09-24,Mall 1,27.25,13.0,2.0961538461538463,0.6923076923076923,0.3076923076923077,0.3846153846153846,0.0769230769230769,0.3076923076923077,0.0,0.2307692307692307,0.5384615384615384,0.4615384615384615,0.7692307692307693,0.2307692307692307,0.3846153846153846,0.1538461538461538,0.2307692307692307,0.0,0.1538461538461538,0.0,0.0769230769230769
2022-09-24,Mall 2,15.75,9.0,1.75,0.5555555555555556,0.4444444444444444,0.0,0.1111111111111111,0.2222222222222222,0.2222222222222222,0.4444444444444444,0.1111111111111111,0.8888888888888888,0.7777777777777778,0.2222222222222222,0.2222222222222222,0.3333333333333333,0.0,0.3333333333333333,0.0,0.1111111111111111,0.0
2022-09-24,Office,30.5,17.0,1.7941176470588236,0.0625,0.9375,0.0625,0.0,0.4375,0.5,0.0,0.3125,0.6875,0.6875,0.3125,0.0,0.0,0.4375,0.125,0.25,0.125,0.0625
2022-10-01,Factory,148.5,71.0,2.091549295774648,0.647887323943662,0.352112676056338,0.5352112676056338,0.1126760563380281,0.3098591549295774,0.0422535211267605,0.0,0.7746478873239436,0.2253521126760563,0.8309859154929577,0.1690140845070422,0.0,0.0,0.1690140845070422,0.2394366197183098,0.3661971830985915,0.2253521126760563,0.0
2022-10-01,Library,186.0,76.0,2.4473684210526314,0.4714285714285714,0.5285714285714286,0.1857142857142857,0.2142857142857142,0.2714285714285714,0.2571428571428571,0.0714285714285714,0.4142857142857143,0.5857142857142857,0.1857142857142857,0.8142857142857143,0.1285714285714285,0.0428571428571428,0.1571428571428571,0.2428571428571428,0.1857142857142857,0.1,0.1428571428571428
2022-10-01,Mall 1,13.25,7.0,1.8928571428571428,0.4285714285714285,0.5714285714285714,0.1428571428571428,0.2857142857142857,0.4285714285714285,0.1428571428571428,0.0,0.2857142857142857,0.7142857142857143,0.7142857142857143,0.2857142857142857,0.1428571428571428,0.0,0.2857142857142857,0.1428571428571428,0.0,0.2857142857142857,0.1428571428571428
2022-10-01,Mall 2,32.25,17.0,1.897058823529412,0.5294117647058824,0.4705882352941176,0.0588235294117647,0.2352941176470588,0.3529411764705882,0.1764705882352941,0.1764705882352941,0.3529411764705882,0.6470588235294118,0.5294117647058824,0.4705882352941176,0.2352941176470588,0.2352941176470588,0.0,0.1764705882352941,0.0588235294117647,0.1176470588235294,0.1764705882352941
2022-10-01,Office,33.25,21.0,1.5833333333333333,0.0,1.0,0.0,0.0,0.7619047619047619,0.238095238095238,0.0,0.5714285714285714,0.4285714285714285,0.5714285714285714,0.4285714285714285,0.0,0.0,0.1428571428571428,0.1428571428571428,0.0952380952380952,0.3333333333333333,0.2857142857142857
2022-10-08,Factory,61.0,32.0,1.90625,0.5,0.5,0.28125,0.21875,0.40625,0.09375,0.0,0.6875,0.3125,0.78125,0.21875,0.0,0.0,0.25,0.125,0.25,0.125,0.25
2022-10-08,Library,197.75,91.0,2.173076923076923,0.3222222222222222,0.6777777777777778,0.0888888888888888,0.1555555555555555,0.6,0.0777777777777777,0.0777777777777777,0.4333333333333333,0.5666666666666667,0.4666666666666667,0.5333333333333333,0.1555555555555555,0.0222222222222222,0.1333333333333333,0.2111111111111111,0.1666666666666666,0.1333333333333333,0.1777777777777777
2022-10-08,Mall 1,17.25,8.0,2.15625,0.875,0.125,0.625,0.25,0.0,0.125,0.0,0.625,0.375,0.875,0.125,0.25,0.0,0.125,0.375,0.0,0.0,0.25
2022-10-08,Mall 2,19.75,12.0,1.6458333333333333,0.4166666666666667,0.5833333333333334,0.3333333333333333,0.0833333333333333,0.0833333333333333,0.5,0.0,0.1666666666666666,0.8333333333333334,0.8333333333333334,0.1666666666666666,0.0833333333333333,0.0833333333333333,0.25,0.1666666666666666,0.0,0.0833333333333333,0.3333333333333333
2022-10-08,Office,54.25,31.0,1.75,0.064516129032258,0.935483870967742,0.032258064516129,0.032258064516129,0.6451612903225806,0.2903225806451613,0.0,0.3225806451612903,0.6774193548387096,0.5806451612903226,0.4193548387096774,0.0,0.0,0.3225806451612903,0.1290322580645161,0.3225806451612903,0.1612903225806451,0.064516129032258
2022-10-15,Factory,118.0,59.0,2.0,0.5084745762711864,0.4915254237288136,0.423728813559322,0.0847457627118644,0.3728813559322034,0.1186440677966101,0.0,0.7457627118644068,0.2542372881355932,0.864406779661017,0.135593220338983,0.0847457627118644,0.0,0.135593220338983,0.0338983050847457,0.288135593220339,0.1525423728813559,0.3050847457627119
2022-10-15,Library,144.25,67.0,2.1529850746268657,0.3787878787878788,0.6212121212121212,0.0757575757575757,0.1818181818181818,0.4393939393939394,0.1818181818181818,0.1212121212121212,0.3333333333333333,0.6666666666666666,0.4393939393939394,0.5606060606060606,0.0757575757575757,0.1969696969696969,0.0909090909090909,0.1969696969696969,0.1666666666666666,0.1666666666666666,0.106060606060606
2022-10-15,Mall 1,26.75,14.0,1.9107142857142856,0.4285714285714285,0.5714285714285714,0.2142857142857142,0.0714285714285714,0.2142857142857142,0.3571428571428571,0.1428571428571428,0.3571428571428571,0.6428571428571429,0.5,0.5,0.0714285714285714,0.1428571428571428,0.1428571428571428,0.0714285714285714,0.2142857142857142,0.3571428571428571,0.0
2022-10-15,Mall 2,23.5,12.0,1.9583333333333333,0.5,0.5,0.1666666666666666,0.1666666666666666,0.1666666666666666,0.3333333333333333,0.1666666666666666,0.3333333333333333,0.6666666666666666,0.6666666666666666,0.3333333333333333,0.0833333333333333,0.0833333333333333,0.0833333333333333,0.0833333333333333,0.1666666666666666,0.25,0.25
2022-10-15,Office,22.75,14.0,1.625,0.0,1.0,0.0,0.0,0.5714285714285714,0.4285714285714285,0.0,0.4285714285714285,0.5714285714285714,0.7857142857142857,0.2142857142857142,0.0,0.0,0.1428571428571428,0.1428571428571428,0.2857142857142857,0.1428571428571428,0.2857142857142857
2022-10-22,Factory,143.5,77.0,1.8636363636363635,0.4473684210526316,0.5526315789473685,0.4210526315789473,0.0263157894736842,0.3157894736842105,0.2368421052631578,0.0,0.6447368421052632,0.3552631578947368,0.7894736842105263,0.2105263157894736,0.0394736842105263,0.0,0.1447368421052631,0.2105263157894736,0.25,0.1710526315789473,0.1842105263157894
2022-10-22,Library,206.5,94.0,2.1968085106382977,0.3010752688172043,0.6989247311827957,0.1182795698924731,0.1505376344086021,0.4731182795698925,0.2258064516129032,0.032258064516129,0.4193548387096774,0.5806451612903226,0.5483870967741935,0.4516129032258064,0.086021505376344,0.1290322580645161,0.1935483870967742,0.2903225806451613,0.1075268817204301,0.1397849462365591,0.053763440860215
2022-10-22,Mall 1,33.0,19.0,1.736842105263158,0.4705882352941176,0.5294117647058824,0.3529411764705882,0.0,0.5294117647058824,0.0,0.1176470588235294,0.4705882352941176,0.5294117647058824,0.7058823529411765,0.2941176470588235,0.1764705882352941,0.3529411764705882,0.1764705882352941,0.0,0.1764705882352941,0.1176470588235294,0.0
2022-10-22,Mall 2,31.5,18.0,1.75,0.2222222222222222,0.7777777777777778,0.0,0.1666666666666666,0.5,0.2777777777777778,0.0555555555555555,0.3888888888888889,0.6111111111111112,0.7777777777777778,0.2222222222222222,0.2222222222222222,0.1111111111111111,0.1666666666666666,0.0,0.2777777777777778,0.1666666666666666,0.0555555555555555
2022-10-22,Office,20.0,12.0,1.6666666666666667,0.0833333333333333,0.9166666666666666,0.0833333333333333,0.0,0.6666666666666666,0.25,0.0,0.6666666666666666,0.3333333333333333,0.5833333333333334,0.4166666666666667,0.0,0.0,0.25,0.25,0.0833333333333333,0.1666666666666666,0.25
2022-10-29,Factory,176.0,95.0,1.8526315789473684,0.6736842105263158,0.3263157894736842,0.5578947368421052,0.1157894736842105,0.2526315789473684,0.0736842105263157,0.0,0.8842105263157894,0.1157894736842105,0.8526315789473684,0.1473684210526315,0.031578947368421,0.0,0.2210526315789473,0.1684210526315789,0.2,0.1684210526315789,0.2105263157894736
2022-10-29,Library,117.5,57.0,2.06140350877193,0.3272727272727272,0.6727272727272727,0.0727272727272727,0.1454545454545454,0.4727272727272727,0.2,0.109090909090909,0.4727272727272727,0.5272727272727272,0.6181818181818182,0.3818181818181818,0.2363636363636363,0.0909090909090909,0.0545454545454545,0.1636363636363636,0.1454545454545454,0.1818181818181818,0.1272727272727272
2022-10-29,Mall 1,34.5,19.0,1.8157894736842104,0.3684210526315789,0.631578947368421,0.1578947368421052,0.1052631578947368,0.3684210526315789,0.2631578947368421,0.1052631578947368,0.631578947368421,0.3684210526315789,0.7894736842105263,0.2105263157894736,0.6842105263157895,0.1052631578947368,0.0,0.0526315789473684,0.0526315789473684,0.1052631578947368,0.0
2022-10-29,Mall 2,9.5,5.0,1.9,0.2,0.8,0.0,0.2,0.2,0.6,0.0,0.6,0.4,0.8,0.2,0.2,0.2,0.2,0.0,0.2,0.0,0.2
2022-10-29,Office,33.5,19.0,1.763157894736842,0.0526315789473684,0.9473684210526316,0.0,0.0526315789473684,0.7894736842105263,0.1578947368421052,0.0,0.8421052631578947,0.1578947368421052,0.4210526315789473,0.5789473684210527,0.0,0.0,0.2631578947368421,0.0526315789473684,0.2631578947368421,0.3684210526315789,0.0526315789473684
2022-11-05,Factory,152.0,77.0,1.974025974025974,0.6363636363636364,0.3636363636363636,0.4805194805194805,0.1558441558441558,0.2857142857142857,0.0779220779220779,0.0,0.8961038961038961,0.1038961038961039,0.8961038961038961,0.1038961038961039,0.0389610389610389,0.0,0.2077922077922078,0.1688311688311688,0.2337662337662337,0.2337662337662337,0.1168831168831168
2022-11-05,Library,161.0,79.0,2.037974683544304,0.3552631578947368,0.6447368421052632,0.1052631578947368,0.1447368421052631,0.4605263157894737,0.1842105263157894,0.1052631578947368,0.3421052631578947,0.6578947368421053,0.4210526315789473,0.5789473684210527,0.0789473684210526,0.1578947368421052,0.25,0.2105263157894736,0.1842105263157894,0.1052631578947368,0.0131578947368421
2022-11-05,Mall 1,25.5,13.0,1.9615384615384612,0.2307692307692307,0.7692307692307693,0.0,0.1538461538461538,0.3846153846153846,0.3846153846153846,0.0769230769230769,0.4615384615384615,0.5384615384615384,0.6153846153846154,0.3846153846153846,0.1538461538461538,0.2307692307692307,0.1538461538461538,0.0769230769230769,0.0769230769230769,0.1538461538461538,0.1538461538461538
2022-11-05,Mall 2,21.0,14.0,1.5,0.0714285714285714,0.9285714285714286,0.0,0.0,0.4285714285714285,0.5,0.0714285714285714,0.5,0.5,0.7857142857142857,0.2142857142857142,0.4285714285714285,0.0714285714285714,0.0,0.2142857142857142,0.0714285714285714,0.2142857142857142,0.0
2022-11-05,Office,55.0,30.0,1.8333333333333333,0.0666666666666666,0.9333333333333332,0.0,0.0666666666666666,0.6666666666666666,0.2666666666666666,0.0,0.8333333333333334,0.1666666666666666,0.7,0.3,0.0,0.0,0.2666666666666666,0.3,0.2,0.2,0.0333333333333333
2022-11-12,Factory,75.0,38.0,1.973684210526316,0.5789473684210527,0.4210526315789473,0.3947368421052631,0.1842105263157894,0.3684210526315789,0.0526315789473684,0.0,0.9473684210526316,0.0526315789473684,0.8157894736842105,0.1842105263157894,0.0,0.0,0.1578947368421052,0.1052631578947368,0.0789473684210526,0.1842105263157894,0.4736842105263157
2022-11-12,Library,201.75,85.0,2.373529411764706,0.2823529411764706,0.7176470588235294,0.1176470588235294,0.1529411764705882,0.4117647058823529,0.3058823529411765,0.0117647058823529,0.2588235294117647,0.7411764705882353,0.3294117647058823,0.6705882352941176,0.1647058823529411,0.0705882352941176,0.1058823529411764,0.2705882352941176,0.1058823529411764,0.1058823529411764,0.1764705882352941
2022-11-12,Mall 1,13.0,8.0,1.625,0.5,0.5,0.0,0.125,0.5,0.0,0.375,0.25,0.75,0.5,0.5,0.0,0.0,0.0,0.0,0.125,0.25,0.625
2022-11-12,Mall 2,2.0,1.0,2.0,0.0,1.0,0.0,0.0,0.0,1.0,0.0,0.0,1.0,1.0,0.0,0.0,0.0,0.0,1.0,0.0,0.0,0.0
2022-11-12,Office,50.0,29.0,1.7241379310344829,0.1379310344827586,0.8620689655172413,0.1034482758620689,0.0344827586206896,0.6896551724137931,0.1724137931034483,0.0,0.7241379310344828,0.2758620689655172,0.6551724137931034,0.3448275862068966,0.0,0.0,0.2413793103448276,0.2068965517241379,0.1724137931034483,0.2413793103448276,0.1379310344827586
2022-11-19,Factory,120.5,61.0,1.9754098360655736,0.6885245901639344,0.3114754098360656,0.639344262295082,0.0491803278688524,0.2295081967213114,0.081967213114754,0.0,0.918032786885246,0.081967213114754,0.8688524590163934,0.1311475409836065,0.1311475409836065,0.0,0.1639344262295081,0.2786885245901639,0.3934426229508196,0.0,0.0327868852459016
2022-11-19,Library,120.5,59.0,2.042372881355932,0.4310344827586206,0.5689655172413793,0.1206896551724138,0.1551724137931034,0.396551724137931,0.1724137931034483,0.1551724137931034,0.293103448275862,0.7068965517241379,0.5517241379310345,0.4482758620689655,0.1551724137931034,0.1724137931034483,0.3793103448275862,0.1896551724137931,0.1034482758620689,0.0,0.0
2022-11-19,Mall 1,38.0,21.0,1.809523809523809,0.3529411764705882,0.6470588235294118,0.1764705882352941,0.1764705882352941,0.5882352941176471,0.0588235294117647,0.0,0.5882352941176471,0.4117647058823529,0.6470588235294118,0.3529411764705882,0.2941176470588235,0.1764705882352941,0.0,0.0588235294117647,0.1176470588235294,0.0,0.3529411764705882
2022-11-19,Mall 2,43.0,23.0,1.8695652173913044,0.5909090909090909,0.4090909090909091,0.1818181818181818,0.1363636363636363,0.1363636363636363,0.3181818181818182,0.2272727272727272,0.3181818181818182,0.6818181818181818,0.3181818181818182,0.6818181818181818,0.1818181818181818,0.2727272727272727,0.0,0.2272727272727272,0.0909090909090909,0.0,0.2272727272727272
2022-11-19,Office,14.5,8.0,1.8125,0.25,0.75,0.125,0.125,0.75,0.0,0.0,0.75,0.25,0.25,0.75,0.0,0.0,0.125,0.5,0.375,0.0,0.0
2022-11-26,Factory,118.0,64.0,1.84375,0.609375,0.390625,0.59375,0.015625,0.296875,0.09375,0.0,0.90625,0.09375,0.84375,0.15625,0.0,0.0,0.203125,0.171875,0.25,0.265625,0.109375
2022-11-26,Library,126.25,60.0,2.1041666666666665,0.3103448275862069,0.6896551724137931,0.1206896551724138,0.0689655172413793,0.3793103448275862,0.3103448275862069,0.1206896551724138,0.293103448275862,0.7068965517241379,0.4827586206896552,0.5172413793103449,0.0172413793103448,0.0862068965517241,0.0517241379310344,0.1034482758620689,0.1034482758620689,0.4310344827586206,0.2068965517241379
2022-11-26,Mall 1,34.0,17.0,2.0,0.6875,0.3125,0.5625,0.125,0.1875,0.125,0.0,0.625,0.375,0.5625,0.4375,0.375,0.0,0.1875,0.125,0.25,0.0,0.0625
2022-11-26,Mall 2,24.75,13.0,1.9038461538461535,0.5384615384615384,0.4615384615384615,0.2307692307692307,0.1538461538461538,0.2307692307692307,0.2307692307692307,0.1538461538461538,0.4615384615384615,0.5384615384615384,0.4615384615384615,0.5384615384615384,0.3846153846153846,0.3076923076923077,0.1538461538461538,0.0,0.0,0.0,0.1538461538461538
2022-11-26,Office,40.5,22.0,1.8409090909090908,0.2727272727272727,0.7272727272727273,0.2727272727272727,0.0,0.5454545454545454,0.1818181818181818,0.0,0.5454545454545454,0.4545454545454545,0.3636363636363636,0.6363636363636364,0.0,0.0,0.3181818181818182,0.0454545454545454,0.1363636363636363,0.2727272727272727,0.2272727272727272
2022-12-03,Factory,123.5,56.0,2.205357142857143,0.6545454545454545,0.3454545454545454,0.4727272727272727,0.1818181818181818,0.2,0.1454545454545454,0.0,0.8363636363636363,0.1636363636363636,0.7454545454545455,0.2545454545454545,0.0363636363636363,0.0,0.2363636363636363,0.2545454545454545,0.1272727272727272,0.2,0.1454545454545454
2022-12-03,Library,137.5,71.0,1.9366197183098592,0.3529411764705882,0.6470588235294118,0.1764705882352941,0.0735294117647058,0.5,0.1470588235294117,0.1029411764705882,0.4117647058823529,0.5882352941176471,0.3970588235294117,0.6029411764705882,0.1176470588235294,0.1323529411764706,0.088235294117647,0.3088235294117647,0.1029411764705882,0.1764705882352941,0.0735294117647058
2022-12-03,Mall 1,37.0,21.0,1.761904761904762,0.5,0.5,0.0,0.2,0.3,0.2,0.3,0.25,0.75,0.4,0.6,0.15,0.1,0.3,0.15,0.15,0.05,0.1
2022-12-03,Mall 2,18.0,10.0,1.8,0.6,0.4,0.1,0.4,0.4,0.0,0.1,0.5,0.5,0.5,0.5,0.0,0.4,0.0,0.2,0.2,0.1,0.1
2022-12-03,Office,37.5,20.0,1.875,0.2631578947368421,0.7368421052631579,0.2105263157894736,0.0526315789473684,0.4736842105263157,0.2631578947368421,0.0,0.4736842105263157,0.5263157894736842,0.3684210526315789,0.631578947368421,0.0,0.0,0.2105263157894736,0.0526315789473684,0.1052631578947368,0.3157894736842105,0.3157894736842105
2022-12-10,Factory,90.0,44.0,2.0454545454545454,0.4186046511627907,0.5813953488372093,0.1860465116279069,0.2325581395348837,0.3488372093023256,0.2325581395348837,0.0,0.7209302325581395,0.2790697674418604,0.8837209302325582,0.1162790697674418,0.0697674418604651,0.0,0.0697674418604651,0.1395348837209302,0.2558139534883721,0.1627906976744186,0.3023255813953488
2022-12-10,Library,119.75,57.0,2.1008771929824563,0.3684210526315789,0.631578947368421,0.0526315789473684,0.2105263157894736,0.3684210526315789,0.2631578947368421,0.1052631578947368,0.4210526315789473,0.5789473684210527,0.3859649122807017,0.6140350877192983,0.1228070175438596,0.0175438596491228,0.1929824561403508,0.2807017543859649,0.1052631578947368,0.1228070175438596,0.1578947368421052
2022-12-10,Mall 1,11.0,7.0,1.5714285714285714,0.3333333333333333,0.6666666666666666,0.1666666666666666,0.0,0.6666666666666666,0.0,0.1666666666666666,0.3333333333333333,0.6666666666666666,0.3333333333333333,0.6666666666666666,0.0,0.1666666666666666,0.1666666666666666,0.0,0.1666666666666666,0.5,0.0
2022-12-10,Mall 2,17.5,10.0,1.75,0.4,0.6,0.2,0.2,0.5,0.1,0.0,0.5,0.5,0.9,0.1,0.4,0.0,0.0,0.3,0.0,0.1,0.2
2022-12-10,Office,36.0,18.0,2.0,0.3333333333333333,0.6666666666666666,0.1111111111111111,0.2222222222222222,0.3888888888888889,0.2777777777777778,0.0,0.3888888888888889,0.6111111111111112,0.5555555555555556,0.4444444444444444,0.0,0.0,0.1111111111111111,0.2222222222222222,0.1666666666666666,0.2777777777777778,0.2222222222222222
2022-12-17,Factory,103.0,60.0,1.7166666666666666,0.2166666666666666,0.7833333333333333,0.0,0.2166666666666666,0.6666666666666666,0.1166666666666666,0.0,0.8333333333333334,0.1666666666666666,0.85,0.15,0.0,0.0,0.0833333333333333,0.15,0.15,0.35,0.2666666666666666
2022-12-17,Library,144.5,69.0,2.0942028985507246,0.3432835820895522,0.6567164179104478,0.1492537313432835,0.1194029850746268,0.5074626865671642,0.1492537313432835,0.0746268656716417,0.5522388059701493,0.4477611940298507,0.3582089552238806,0.6417910447761194,0.0746268656716417,0.0298507462686567,0.1492537313432835,0.2388059701492537,0.0597014925373134,0.4029850746268656,0.044776119402985
2022-12-17,Mall 1,15.25,9.0,1.6944444444444444,0.125,0.875,0.0,0.125,0.75,0.125,0.0,0.25,0.75,0.125,0.875,0.125,0.0,0.0,0.5,0.125,0.125,0.125
2022-12-17,Mall 2,37.75,20.0,1.8875,0.5,0.5,0.2,0.3,0.2,0.3,0.0,0.4,0.6,0.6,0.4,0.3,0.05,0.35,0.05,0.05,0.15,0.05
2022-12-17,Office,19.0,10.0,1.9,0.4,0.6,0.1,0.3,0.6,0.0,0.0,0.6,0.4,0.2,0.8,0.0,0.0,0.2,0.3,0.4,0.1,0.0
2022-12-24,Factory,63.5,40.0,1.5875,0.15,0.85,0.15,0.0,0.5,0.35,0.0,0.45,0.55,0.95,0.05,0.1,0.0,0.0,0.15,0.25,0.175,0.325
2022-12-24,Library,118.25,53.0,2.231132075471698,0.5094339622641509,0.490566037735849,0.2075471698113207,0.1886792452830188,0.2264150943396226,0.2641509433962264,0.1132075471698113,0.2264150943396226,0.7735849056603774,0.5471698113207547,0.4528301886792453,0.0,0.0,0.0,0.3018867924528302,0.2452830188679245,0.1886792452830188,0.2641509433962264
2022-12-24,Mall 1,46.5,26.0,1.7884615384615383,0.5416666666666666,0.4583333333333333,0.0,0.25,0.3333333333333333,0.125,0.2916666666666667,0.4583333333333333,0.5416666666666666,0.6666666666666666,0.3333333333333333,0.0416666666666666,0.0,0.5416666666666666,0.0833333333333333,0.1666666666666666,0.0,0.1666666666666666
2022-12-24,Mall 2,30.0,16.0,1.875,0.5333333333333333,0.4666666666666667,0.3333333333333333,0.2,0.4666666666666667,0.0,0.0,0.3333333333333333,0.6666666666666666,0.6666666666666666,0.3333333333333333,0.0,0.0,0.4666666666666667,0.0666666666666666,0.4666666666666667,0.0,0.0
2022-12-24,Office,3.0,2.0,1.5,0.0,1.0,0.0,0.0,1.0,0.0,0.0,1.0,0.0,1.0,0.0,0.0,0.0,0.0,0.5,0.0,0.5,0.0
2022-12-31,Factory,0.0,0.0,,,,,,,,,,,,,,,,,,,
2022-12-31,Library,0.0,0.0,,,,,,,,,,,,,,,,,,,
2022-12-31,Mall 1,3.0,2.0,1.5,1.0,0.0,0.0,0.0,0.0,0.0,1.0,0.0,1.0,1.0,0.0,1.0,0.0,0.0,0.0,0.0,0.0,0.0
2022-12-31,Mall 2,3.5,2.0,1.75,0.5,0.5,0.5,0.0,0.0,0.5,0.0,0.0,1.0,1.0,0.0,1.0,0.0,0.0,0.0,0.0,0.0,0.0
2022-12-31,Office,0.0,0.0,,,,,,,,,,,,,,,,,,,
